{
  "displayName": "Branch Experiences and Measurement",
  "name": "branch-experiences-and-measurement",
  "version": "1.0.0",
  "description": "Powerful links and solutions that help you acquire, engage, and measure across all devices, channels, and platforms.",
  "iconPath": "src/view/resources/branch_logo_store.svg",
  "author": {
    "name": "Branch",
    "url": "http://branch.io",
    "email": "integrations@branch.io"
  },
  "viewBasePath": "src/view/",
  "configuration": {
    "viewPath": "configuration/configuration.html",
    "schema": {
      "$schema": "http://json-schema.org/draft-04/schema#",
      "type": "object",
      "properties": {
        "branchKey": {
          "type": "string",
          "minLength": 41
        }
      },
      "required": [
        "branchKey"
      ],
      "additionalProperties": false
    }
  },
  "actions": [
    {
      "displayName": "Initialize Branch",
      "name": "initializebranch",
      "libPath": "src/lib/actions/initializeBranch.js",
      "schema": {
        "$schema": "http://json-schema.org/draft-04/schema#",
        "type": "object",
        "properties": {}
      }
    },
    {
      "displayName": "Auto-Open Native App",
      "name": "autoopenapp",
      "libPath": "src/lib/actions/autoOpen.js",
      "schema": {
        "$schema": "http://json-schema.org/draft-04/schema#",
        "type": "object",
        "properties": {}
      },
      "viewPath": "actions/autoOpen.html"
    },
    {
      "displayName": "SMS Link to Download App",
      "name": "sendsms",
      "libPath": "src/lib/actions/sendSMS.js",
      "schema": {
        "$schema": "http://json-schema.org/draft-04/schema#",
        "type": "object",
        "properties": {}
      },
      "viewPath": "actions/sendSMS.html"
    },
    {
      "displayName": "Track an Event",
      "name": "logevent",
      "libPath": "src/lib/actions/logEvent.js",
      "schema": {
        "$schema": "http://json-schema.org/draft-04/schema#",
        "type": "object",
        "properties": {}
      },
      "viewPath": "actions/logEvent.html"
    }
  ]
}
